,movie,year,imdb,metascore,votes
0,Logan,2017,N/A,77,827K
1,Thor: Ragnarok,2017,N/A,74,813K
2,Guardians of the Galaxy Vol. 2,2017,N/A,67,756K
3,Dunkirk,2017,N/A,94,736K
4,Spider-Man: Homecoming,2017,N/A,73,716K
5,Wonder Woman,2017,N/A,76,698K
6,Get Out,2017,N/A,85,691K
7,Star Wars: Episode VIII - The Last Jedi,2017,N/A,84,670K
8,Blade Runner 2049,2017,N/A,81,658K
9, Baby Driver,2017,N/A,86,605K
10, It,2017,N/A,69,603K
11, Coco,2017,N/A,81,586K
12," Three Billboards Outside Ebbing, Missouri",2017,N/A,88,553K
13,N/A,N/A,N/A,N/A,N/A
14, John Wick: Chapter 2,2017,N/A,75,509K
15, Justice League,2017,N/A,45,477K
16, The Shape of Water,2017,N/A,87,446K
17,N/A,N/A,N/A,N/A,N/A
18, Jumanji: Welcome to the Jungle,2017,N/A,58,436K
19, Kingsman: The Golden Circle,2017,N/A,44,361K
20, Kong: Skull Island,2017,N/A,62,345K
21,N/A,N/A,N/A,N/A,N/A
22, Pirates of the Caribbean: Salazar's Revenge,2017,N/A,39,344K
23, Beauty and the Beast,2017,N/A,65,333K
24,N/A,N/A,N/A,N/A,N/A
25, Lady Bird,2017,N/A,93,326K
26,N/A,N/A,N/A,N/A,N/A
27, Call Me by Your Name,2017,N/A,94,313K
28, The Greatest Showman,2017,N/A,48,310K
29, Alien: Covenant,2017,N/A,65,302K
30, Murder on the Orient Express,2017,N/A,52,295K
31, War for the Planet of the Apes,2017,N/A,82,280K
32, Wind River,2017,N/A,73,279K
33,N/A,N/A,N/A,N/A,N/A
34,N/A,N/A,N/A,N/A,N/A
35, Fast & Furious 8,2017,N/A,56,253K
36, Life,2017,N/A,54,252K
37, Mother!,2017,N/A,76,249K
38, The Hitman's Bodyguard,2017,N/A,47,246K
39," I, Tonya",2017,N/A,77,242K
40, King Arthur: Legend of the Sword,2017,N/A,41,232K
41, Ghost in the Shell,2017,N/A,52,227K
42,N/A,N/A,N/A,N/A,N/A
43, Darkest Hour,2017,N/A,75,220K
44,N/A,N/A,N/A,N/A,N/A
45, American Made,2017,N/A,65,207K
46, Atomic Blonde,2017,N/A,63,206K
47, The Mummy,2017,N/A,34,206K
48, Baywatch,2017,N/A,37,201K
49, Bright,2017,N/A,29,201K
50,Logan,2017,N/A,77,827K
51,Thor: Ragnarok,2017,N/A,74,813K
52,Guardians of the Galaxy Vol. 2,2017,N/A,67,756K
53,Dunkirk,2017,N/A,94,736K
54,Spider-Man: Homecoming,2017,N/A,73,716K
55,Wonder Woman,2017,N/A,76,698K
56,Get Out,2017,N/A,85,691K
57,Star Wars: Episode VIII - The Last Jedi,2017,N/A,84,670K
58,Blade Runner 2049,2017,N/A,81,658K
59, Baby Driver,2017,N/A,86,605K
60, It,2017,N/A,69,603K
61, Coco,2017,N/A,81,586K
62," Three Billboards Outside Ebbing, Missouri",2017,N/A,88,553K
63,N/A,N/A,N/A,N/A,N/A
64, John Wick: Chapter 2,2017,N/A,75,509K
65, Justice League,2017,N/A,45,477K
66, The Shape of Water,2017,N/A,87,446K
67,N/A,N/A,N/A,N/A,N/A
68, Jumanji: Welcome to the Jungle,2017,N/A,58,436K
69, Kingsman: The Golden Circle,2017,N/A,44,361K
70, Kong: Skull Island,2017,N/A,62,345K
71,N/A,N/A,N/A,N/A,N/A
72, Pirates of the Caribbean: Salazar's Revenge,2017,N/A,39,344K
73, Beauty and the Beast,2017,N/A,65,333K
74,N/A,N/A,N/A,N/A,N/A
75, Lady Bird,2017,N/A,93,326K
76,N/A,N/A,N/A,N/A,N/A
77, Call Me by Your Name,2017,N/A,94,313K
78, The Greatest Showman,2017,N/A,48,310K
79, Alien: Covenant,2017,N/A,65,302K
80, Murder on the Orient Express,2017,N/A,52,295K
81, War for the Planet of the Apes,2017,N/A,82,280K
82, Wind River,2017,N/A,73,279K
83,N/A,N/A,N/A,N/A,N/A
84,N/A,N/A,N/A,N/A,N/A
85, Fast & Furious 8,2017,N/A,56,253K
86, Life,2017,N/A,54,252K
87, Mother!,2017,N/A,76,249K
88, The Hitman's Bodyguard,2017,N/A,47,246K
89," I, Tonya",2017,N/A,77,242K
90, King Arthur: Legend of the Sword,2017,N/A,41,232K
91, Ghost in the Shell,2017,N/A,52,227K
92,N/A,N/A,N/A,N/A,N/A
93, Darkest Hour,2017,N/A,75,220K
94,N/A,N/A,N/A,N/A,N/A
95, American Made,2017,N/A,65,207K
96, Atomic Blonde,2017,N/A,63,206K
97, The Mummy,2017,N/A,34,206K
98, Baywatch,2017,N/A,37,201K
99, Bright,2017,N/A,29,201K
100,Logan,2017,N/A,77,827K
101,Thor: Ragnarok,2017,N/A,74,813K
102,Guardians of the Galaxy Vol. 2,2017,N/A,67,756K
103,Dunkirk,2017,N/A,94,736K
104,Spider-Man: Homecoming,2017,N/A,73,716K
105,Wonder Woman,2017,N/A,76,698K
106,Get Out,2017,N/A,85,691K
107,Star Wars: Episode VIII - The Last Jedi,2017,N/A,84,670K
108,Blade Runner 2049,2017,N/A,81,658K
109, Baby Driver,2017,N/A,86,605K
110, It,2017,N/A,69,603K
111, Coco,2017,N/A,81,586K
112," Three Billboards Outside Ebbing, Missouri",2017,N/A,88,553K
113,N/A,N/A,N/A,N/A,N/A
114, John Wick: Chapter 2,2017,N/A,75,509K
115, Justice League,2017,N/A,45,477K
116, The Shape of Water,2017,N/A,87,446K
117,N/A,N/A,N/A,N/A,N/A
118, Jumanji: Welcome to the Jungle,2017,N/A,58,436K
119, Kingsman: The Golden Circle,2017,N/A,44,361K
120, Kong: Skull Island,2017,N/A,62,345K
121,N/A,N/A,N/A,N/A,N/A
122, Pirates of the Caribbean: Salazar's Revenge,2017,N/A,39,344K
123, Beauty and the Beast,2017,N/A,65,333K
124,N/A,N/A,N/A,N/A,N/A
125, Lady Bird,2017,N/A,93,326K
126,N/A,N/A,N/A,N/A,N/A
127, Call Me by Your Name,2017,N/A,94,313K
128, The Greatest Showman,2017,N/A,48,310K
129, Alien: Covenant,2017,N/A,65,302K
130, Murder on the Orient Express,2017,N/A,52,295K
131, War for the Planet of the Apes,2017,N/A,82,280K
132, Wind River,2017,N/A,73,279K
133,N/A,N/A,N/A,N/A,N/A
134,N/A,N/A,N/A,N/A,N/A
135, Fast & Furious 8,2017,N/A,56,253K
136, Life,2017,N/A,54,252K
137, Mother!,2017,N/A,76,249K
138, The Hitman's Bodyguard,2017,N/A,47,246K
139," I, Tonya",2017,N/A,77,242K
140, King Arthur: Legend of the Sword,2017,N/A,41,232K
141, Ghost in the Shell,2017,N/A,52,227K
142,N/A,N/A,N/A,N/A,N/A
143, Darkest Hour,2017,N/A,75,220K
144,N/A,N/A,N/A,N/A,N/A
145, American Made,2017,N/A,65,207K
146, Atomic Blonde,2017,N/A,63,206K
147, The Mummy,2017,N/A,34,206K
148, Baywatch,2017,N/A,37,201K
149, Bright,2017,N/A,29,201K
150,Logan,2017,N/A,77,827K
151,Thor: Ragnarok,2017,N/A,74,813K
152,Guardians of the Galaxy Vol. 2,2017,N/A,67,756K
153,Dunkirk,2017,N/A,94,736K
154,Spider-Man: Homecoming,2017,N/A,73,716K
155,Wonder Woman,2017,N/A,76,698K
156,Get Out,2017,N/A,85,691K
157,Star Wars: Episode VIII - The Last Jedi,2017,N/A,84,670K
158,Blade Runner 2049,2017,N/A,81,658K
159, Baby Driver,2017,N/A,86,605K
160, It,2017,N/A,69,603K
161, Coco,2017,N/A,81,586K
162," Three Billboards Outside Ebbing, Missouri",2017,N/A,88,553K
163,N/A,N/A,N/A,N/A,N/A
164, John Wick: Chapter 2,2017,N/A,75,509K
165, Justice League,2017,N/A,45,477K
166, The Shape of Water,2017,N/A,87,446K
167,N/A,N/A,N/A,N/A,N/A
168, Jumanji: Welcome to the Jungle,2017,N/A,58,436K
169, Kingsman: The Golden Circle,2017,N/A,44,361K
170, Kong: Skull Island,2017,N/A,62,345K
171,N/A,N/A,N/A,N/A,N/A
172, Pirates of the Caribbean: Salazar's Revenge,2017,N/A,39,344K
173, Beauty and the Beast,2017,N/A,65,333K
174,N/A,N/A,N/A,N/A,N/A
175, Lady Bird,2017,N/A,93,326K
176,N/A,N/A,N/A,N/A,N/A
177, Call Me by Your Name,2017,N/A,94,313K
178, The Greatest Showman,2017,N/A,48,310K
179, Alien: Covenant,2017,N/A,65,302K
180, Murder on the Orient Express,2017,N/A,52,295K
181, War for the Planet of the Apes,2017,N/A,82,280K
182, Wind River,2017,N/A,73,279K
183,N/A,N/A,N/A,N/A,N/A
184,N/A,N/A,N/A,N/A,N/A
185, Fast & Furious 8,2017,N/A,56,253K
186, Life,2017,N/A,54,252K
187, Mother!,2017,N/A,76,249K
188, The Hitman's Bodyguard,2017,N/A,47,246K
189," I, Tonya",2017,N/A,77,242K
190, King Arthur: Legend of the Sword,2017,N/A,41,232K
191, Ghost in the Shell,2017,N/A,52,227K
192,N/A,N/A,N/A,N/A,N/A
193, Darkest Hour,2017,N/A,75,220K
194,N/A,N/A,N/A,N/A,N/A
195, American Made,2017,N/A,65,207K
196, Atomic Blonde,2017,N/A,63,206K
197, The Mummy,2017,N/A,34,206K
198, Baywatch,2017,N/A,37,201K
199, Bright,2017,N/A,29,201K
200,Avengers: Infinity War,2018,N/A,68,1.2M
201,Black Panther,2018,N/A,88,834K
202,Spider-Man: Into the Spider-Verse,2018,N/A,87,665K
203,Deadpool 2,2018,N/A,66,642K
204,Bohemian Rhapsody,2018,N/A,49,589K
205,A Quiet Place,2018,N/A,82,580K
206,Green Book,2018,N/A,69,565K
207,Venom,2018,N/A,35,535K
208,Aquaman,2018,N/A,55,519K
209, Ready Player One,2018,N/A,64,483K
210, Ant-Man and the Wasp,2018,N/A,70,447K
211, A Star Is Born,2018,N/A,88,417K
212, Bird Box,2018,N/A,51,384K
213, Solo: A Star Wars Story,2018,N/A,62,378K
214, Mission: Impossible - Fallout,2018,N/A,87,377K
215, Hereditary,2018,N/A,87,375K
216, Annihilation,2018,N/A,79,359K
217, Jurassic World: Fallen Kingdom,2018,N/A,51,342K
218, Incredibles 2,2018,N/A,80,329K
219, Fantastic Beasts: The Crimes of Grindelwald,2018,N/A,52,307K
220,N/A,N/A,N/A,N/A,N/A
221, BlacKkKlansman,2018,N/A,83,290K
222,N/A,N/A,N/A,N/A,N/A
223,N/A,N/A,N/A,N/A,N/A
224, Game Night,2018,N/A,66,255K
225, Ocean's Eight,2018,N/A,61,241K
226, The Favourite,2018,N/A,91,230K
227, Tomb Raider,2018,N/A,48,226K
228,N/A,N/A,N/A,N/A,N/A
229, The Meg,2018,N/A,46,207K
230, Upgrade,2018,N/A,67,206K
231,N/A,N/A,N/A,N/A,N/A
232, First Man,2018,N/A,84,202K
233, Red Sparrow,2018,N/A,53,201K
234, The Equalizer 2,2018,N/A,50,196K
235, Isle of Dogs,2018,N/A,82,190K
236, Crazy Rich Asians,2018,N/A,74,189K
237,N/A,N/A,N/A,N/A,N/A
238, Bumblebee,2018,N/A,66,187K
239, Rampage,2018,N/A,45,184K
240, Sugar Rush Online,2018,N/A,71,182K
241, Searching,2018,N/A,71,179K
242,N/A,N/A,N/A,N/A,N/A
243, The Nun,2018,N/A,46,169K
244, Roma,2018,N/A,96,169K
245, Halloween,2018,N/A,67,168K
246, The Ballad of Buster Scruggs,2018,N/A,79,167K
247, Soldado: The Soldier,2018,N/A,61,166K
248, Bad Times at the El Royale,2018,N/A,60,164K
249, A Simple Favor,2018,N/A,67,162K
250,Avengers: Infinity War,2018,N/A,68,1.2M
251,Black Panther,2018,N/A,88,834K
252,Spider-Man: Into the Spider-Verse,2018,N/A,87,665K
253,Deadpool 2,2018,N/A,66,642K
254,Bohemian Rhapsody,2018,N/A,49,589K
255,A Quiet Place,2018,N/A,82,580K
256,Green Book,2018,N/A,69,565K
257,Venom,2018,N/A,35,535K
258,Aquaman,2018,N/A,55,519K
259, Ready Player One,2018,N/A,64,483K
260, Ant-Man and the Wasp,2018,N/A,70,447K
261, A Star Is Born,2018,N/A,88,417K
262, Bird Box,2018,N/A,51,384K
263, Solo: A Star Wars Story,2018,N/A,62,378K
264, Mission: Impossible - Fallout,2018,N/A,87,377K
265, Hereditary,2018,N/A,87,375K
266, Annihilation,2018,N/A,79,359K
267, Jurassic World: Fallen Kingdom,2018,N/A,51,342K
268, Incredibles 2,2018,N/A,80,329K
269, Fantastic Beasts: The Crimes of Grindelwald,2018,N/A,52,307K
270,N/A,N/A,N/A,N/A,N/A
271, BlacKkKlansman,2018,N/A,83,290K
272,N/A,N/A,N/A,N/A,N/A
273,N/A,N/A,N/A,N/A,N/A
274, Game Night,2018,N/A,66,255K
275, Ocean's Eight,2018,N/A,61,241K
276, The Favourite,2018,N/A,91,230K
277, Tomb Raider,2018,N/A,48,226K
278,N/A,N/A,N/A,N/A,N/A
279, The Meg,2018,N/A,46,207K
280, Upgrade,2018,N/A,67,206K
281,N/A,N/A,N/A,N/A,N/A
282, First Man,2018,N/A,84,202K
283, Red Sparrow,2018,N/A,53,201K
284, The Equalizer 2,2018,N/A,50,196K
285, Isle of Dogs,2018,N/A,82,190K
286, Crazy Rich Asians,2018,N/A,74,189K
287,N/A,N/A,N/A,N/A,N/A
288, Bumblebee,2018,N/A,66,187K
289, Rampage,2018,N/A,45,184K
290, Sugar Rush Online,2018,N/A,71,182K
291, Searching,2018,N/A,71,179K
292,N/A,N/A,N/A,N/A,N/A
293, The Nun,2018,N/A,46,169K
294, Roma,2018,N/A,96,169K
295, Halloween,2018,N/A,67,168K
296, The Ballad of Buster Scruggs,2018,N/A,79,167K
297, Soldado: The Soldier,2018,N/A,61,166K
298, Bad Times at the El Royale,2018,N/A,60,164K
299, A Simple Favor,2018,N/A,67,162K
300,Avengers: Infinity War,2018,N/A,68,1.2M
301,Black Panther,2018,N/A,88,834K
302,Spider-Man: Into the Spider-Verse,2018,N/A,87,665K
303,Deadpool 2,2018,N/A,66,642K
304,Bohemian Rhapsody,2018,N/A,49,589K
305,A Quiet Place,2018,N/A,82,580K
306,Green Book,2018,N/A,69,565K
307,Venom,2018,N/A,35,535K
308,Aquaman,2018,N/A,55,519K
309, Ready Player One,2018,N/A,64,483K
310, Ant-Man and the Wasp,2018,N/A,70,447K
311, A Star Is Born,2018,N/A,88,417K
312, Bird Box,2018,N/A,51,384K
313, Solo: A Star Wars Story,2018,N/A,62,378K
314, Mission: Impossible - Fallout,2018,N/A,87,377K
315, Hereditary,2018,N/A,87,375K
316, Annihilation,2018,N/A,79,359K
317, Jurassic World: Fallen Kingdom,2018,N/A,51,342K
318, Incredibles 2,2018,N/A,80,329K
319, Fantastic Beasts: The Crimes of Grindelwald,2018,N/A,52,307K
320,N/A,N/A,N/A,N/A,N/A
321, BlacKkKlansman,2018,N/A,83,290K
322,N/A,N/A,N/A,N/A,N/A
323,N/A,N/A,N/A,N/A,N/A
324, Game Night,2018,N/A,66,255K
325, Ocean's Eight,2018,N/A,61,241K
326, The Favourite,2018,N/A,91,230K
327, Tomb Raider,2018,N/A,48,226K
328,N/A,N/A,N/A,N/A,N/A
329, The Meg,2018,N/A,46,207K
330, Upgrade,2018,N/A,67,206K
331,N/A,N/A,N/A,N/A,N/A
332, First Man,2018,N/A,84,202K
333, Red Sparrow,2018,N/A,53,201K
334, The Equalizer 2,2018,N/A,50,196K
335, Isle of Dogs,2018,N/A,82,190K
336, Crazy Rich Asians,2018,N/A,74,189K
337,N/A,N/A,N/A,N/A,N/A
338, Bumblebee,2018,N/A,66,187K
339, Rampage,2018,N/A,45,184K
340, Sugar Rush Online,2018,N/A,71,182K
341, Searching,2018,N/A,71,179K
342,N/A,N/A,N/A,N/A,N/A
343, The Nun,2018,N/A,46,169K
344, Roma,2018,N/A,96,169K
345, Halloween,2018,N/A,67,168K
346, The Ballad of Buster Scruggs,2018,N/A,79,167K
347, Soldado: The Soldier,2018,N/A,61,166K
348, Bad Times at the El Royale,2018,N/A,60,164K
349, A Simple Favor,2018,N/A,67,162K
350,Avengers: Infinity War,2018,N/A,68,1.2M
351,Black Panther,2018,N/A,88,834K
352,Spider-Man: Into the Spider-Verse,2018,N/A,87,665K
353,Deadpool 2,2018,N/A,66,642K
354,Bohemian Rhapsody,2018,N/A,49,589K
355,A Quiet Place,2018,N/A,82,580K
356,Green Book,2018,N/A,69,565K
357,Venom,2018,N/A,35,535K
358,Aquaman,2018,N/A,55,519K
359, Ready Player One,2018,N/A,64,483K
360, Ant-Man and the Wasp,2018,N/A,70,447K
361, A Star Is Born,2018,N/A,88,417K
362, Bird Box,2018,N/A,51,384K
363, Solo: A Star Wars Story,2018,N/A,62,378K
364, Mission: Impossible - Fallout,2018,N/A,87,377K
365, Hereditary,2018,N/A,87,375K
366, Annihilation,2018,N/A,79,359K
367, Jurassic World: Fallen Kingdom,2018,N/A,51,342K
368, Incredibles 2,2018,N/A,80,329K
369, Fantastic Beasts: The Crimes of Grindelwald,2018,N/A,52,307K
370,N/A,N/A,N/A,N/A,N/A
371, BlacKkKlansman,2018,N/A,83,290K
372,N/A,N/A,N/A,N/A,N/A
373,N/A,N/A,N/A,N/A,N/A
374, Game Night,2018,N/A,66,255K
375, Ocean's Eight,2018,N/A,61,241K
376, The Favourite,2018,N/A,91,230K
377, Tomb Raider,2018,N/A,48,226K
378,N/A,N/A,N/A,N/A,N/A
379, The Meg,2018,N/A,46,207K
380, Upgrade,2018,N/A,67,206K
381,N/A,N/A,N/A,N/A,N/A
382, First Man,2018,N/A,84,202K
383, Red Sparrow,2018,N/A,53,201K
384, The Equalizer 2,2018,N/A,50,196K
385, Isle of Dogs,2018,N/A,82,190K
386, Crazy Rich Asians,2018,N/A,74,189K
387,N/A,N/A,N/A,N/A,N/A
388, Bumblebee,2018,N/A,66,187K
389, Rampage,2018,N/A,45,184K
390, Sugar Rush Online,2018,N/A,71,182K
391, Searching,2018,N/A,71,179K
392,N/A,N/A,N/A,N/A,N/A
393, The Nun,2018,N/A,46,169K
394, Roma,2018,N/A,96,169K
395, Halloween,2018,N/A,67,168K
396, The Ballad of Buster Scruggs,2018,N/A,79,167K
397, Soldado: The Soldier,2018,N/A,61,166K
398, Bad Times at the El Royale,2018,N/A,60,164K
399, A Simple Favor,2018,N/A,67,162K
400,Avengers: Infinity War,2018,N/A,68,1.2M
401,Black Panther,2018,N/A,88,834K
402,Spider-Man: Into the Spider-Verse,2018,N/A,87,665K
403,Deadpool 2,2018,N/A,66,642K
404,Bohemian Rhapsody,2018,N/A,49,589K
405,A Quiet Place,2018,N/A,82,580K
406,Green Book,2018,N/A,69,565K
407,Venom,2018,N/A,35,535K
408,Aquaman,2018,N/A,55,519K
409, Ready Player One,2018,N/A,64,483K
410, Ant-Man and the Wasp,2018,N/A,70,447K
411, A Star Is Born,2018,N/A,88,417K
412, Bird Box,2018,N/A,51,384K
413, Solo: A Star Wars Story,2018,N/A,62,378K
414, Mission: Impossible - Fallout,2018,N/A,87,377K
415, Hereditary,2018,N/A,87,375K
416, Annihilation,2018,N/A,79,359K
417, Jurassic World: Fallen Kingdom,2018,N/A,51,342K
418, Incredibles 2,2018,N/A,80,329K
419, Fantastic Beasts: The Crimes of Grindelwald,2018,N/A,52,307K
420,N/A,N/A,N/A,N/A,N/A
421, BlacKkKlansman,2018,N/A,83,290K
422,N/A,N/A,N/A,N/A,N/A
423,N/A,N/A,N/A,N/A,N/A
424, Game Night,2018,N/A,66,255K
425, Ocean's Eight,2018,N/A,61,241K
426, The Favourite,2018,N/A,91,230K
427, Tomb Raider,2018,N/A,48,226K
428,N/A,N/A,N/A,N/A,N/A
429, The Meg,2018,N/A,46,207K
430, Upgrade,2018,N/A,67,206K
431,N/A,N/A,N/A,N/A,N/A
432, First Man,2018,N/A,84,202K
433, Red Sparrow,2018,N/A,53,201K
434, The Equalizer 2,2018,N/A,50,196K
435, Isle of Dogs,2018,N/A,82,190K
436, Crazy Rich Asians,2018,N/A,74,189K
437,N/A,N/A,N/A,N/A,N/A
438, Bumblebee,2018,N/A,66,187K
439, Rampage,2018,N/A,45,184K
440, Sugar Rush Online,2018,N/A,71,182K
441, Searching,2018,N/A,71,179K
442,N/A,N/A,N/A,N/A,N/A
443, The Nun,2018,N/A,46,169K
444, Roma,2018,N/A,96,169K
445, Halloween,2018,N/A,67,168K
446, The Ballad of Buster Scruggs,2018,N/A,79,167K
447, Soldado: The Soldier,2018,N/A,61,166K
448, Bad Times at the El Royale,2018,N/A,60,164K
449, A Simple Favor,2018,N/A,67,162K
450,Joker,2019,N/A,59,1.5M
451,Avengers: Endgame,2019,N/A,78,1.3M
452,Parasite,2019,N/A,97,949K
453,N/A,N/A,N/A,N/A,N/A
454,Once Upon a Time... in Hollywood,2019,N/A,84,841K
455,Knives Out,2019,N/A,82,770K
456,1917,2019,N/A,78,670K
457,N/A,N/A,N/A,N/A,N/A
458,Captain Marvel,2019,N/A,64,608K
459,N/A,N/A,N/A,N/A,N/A
460,N/A,N/A,N/A,N/A,N/A
461, Spider-Man: Far from Home,2019,N/A,69,553K
462, Star Wars: The Rise of Skywalker,2019,N/A,53,491K
463, Ford v Ferrari,2019,N/A,81,465K
464, Jojo Rabbit,2019,N/A,58,439K
465, The Irishman,2019,N/A,94,429K
466, John Wick: Chapter 3 - Parabellum,2019,N/A,73,423K
467, Midsommar,2019,N/A,72,399K
468, The Gentlemen,2019,N/A,51,391K
469, Shazam!,2019,N/A,71,383K
470,N/A,N/A,N/A,N/A,N/A
471, Marriage Story,2019,N/A,94,345K
472, Us,2019,N/A,81,339K
473, Uncut Gems,2019,N/A,93,316K
474, It Chapter Two,2019,N/A,58,300K
475, Alita: Battle Angel,2019,N/A,53,292K
476, El Camino: A Breaking Bad Movie,2019,N/A,72,290K
477, Aladdin,2019,N/A,53,289K
478, Jumanji: The Next Level,2019,N/A,58,281K
479, Toy Story 4,2019,N/A,84,279K
480,N/A,N/A,N/A,N/A,N/A
481, El hoyo,2019,N/A,73,270K
482, The Lion King,2019,N/A,55,266K
483, Glass,2019,N/A,43,266K
484,N/A,N/A,N/A,N/A,N/A
485, Ad Astra,2019,N/A,80,259K
486, The Lighthouse,2019,N/A,83,253K
487, Little Women,2019,N/A,91,243K
488,N/A,N/A,N/A,N/A,N/A
489, Fast & Furious Presents: Hobbs & Shaw,2019,N/A,60,235K
490,N/A,N/A,N/A,N/A,N/A
491, Doctor Sleep,2019,N/A,59,217K
492, Dark Phoenix,2019,N/A,43,204K
493, Godzilla: King of the Monsters,2019,N/A,48,204K
494, Zombieland: Double Tap,2019,N/A,55,201K
495,N/A,N/A,N/A,N/A,N/A
496, 6 Underground,2019,N/A,41,196K
497,N/A,N/A,N/A,N/A,N/A
498, Rocketman,2019,N/A,69,194K
499, Frozen II,2019,N/A,64,193K
500,Joker,2019,N/A,59,1.5M
501,Avengers: Endgame,2019,N/A,78,1.3M
502,Parasite,2019,N/A,97,949K
503,N/A,N/A,N/A,N/A,N/A
504,Once Upon a Time... in Hollywood,2019,N/A,84,841K
505,Knives Out,2019,N/A,82,770K
506,1917,2019,N/A,78,670K
507,N/A,N/A,N/A,N/A,N/A
508,Captain Marvel,2019,N/A,64,608K
509,N/A,N/A,N/A,N/A,N/A
510,N/A,N/A,N/A,N/A,N/A
511, Spider-Man: Far from Home,2019,N/A,69,553K
512, Star Wars: The Rise of Skywalker,2019,N/A,53,491K
513, Ford v Ferrari,2019,N/A,81,465K
514, Jojo Rabbit,2019,N/A,58,439K
515, The Irishman,2019,N/A,94,429K
516, John Wick: Chapter 3 - Parabellum,2019,N/A,73,423K
517, Midsommar,2019,N/A,72,399K
518, The Gentlemen,2019,N/A,51,391K
519, Shazam!,2019,N/A,71,383K
520,N/A,N/A,N/A,N/A,N/A
521, Marriage Story,2019,N/A,94,345K
522, Us,2019,N/A,81,339K
523, Uncut Gems,2019,N/A,93,316K
524, It Chapter Two,2019,N/A,58,300K
525, Alita: Battle Angel,2019,N/A,53,292K
526, El Camino: A Breaking Bad Movie,2019,N/A,72,290K
527, Aladdin,2019,N/A,53,289K
528, Jumanji: The Next Level,2019,N/A,58,281K
529, Toy Story 4,2019,N/A,84,279K
530,N/A,N/A,N/A,N/A,N/A
531, El hoyo,2019,N/A,73,270K
532, The Lion King,2019,N/A,55,266K
533, Glass,2019,N/A,43,266K
534,N/A,N/A,N/A,N/A,N/A
535, Ad Astra,2019,N/A,80,259K
536, The Lighthouse,2019,N/A,83,253K
537, Little Women,2019,N/A,91,243K
538,N/A,N/A,N/A,N/A,N/A
539, Fast & Furious Presents: Hobbs & Shaw,2019,N/A,60,235K
540,N/A,N/A,N/A,N/A,N/A
541, Doctor Sleep,2019,N/A,59,217K
542, Dark Phoenix,2019,N/A,43,204K
543, Godzilla: King of the Monsters,2019,N/A,48,204K
544, Zombieland: Double Tap,2019,N/A,55,201K
545,N/A,N/A,N/A,N/A,N/A
546, 6 Underground,2019,N/A,41,196K
547,N/A,N/A,N/A,N/A,N/A
548, Rocketman,2019,N/A,69,194K
549, Frozen II,2019,N/A,64,193K
550,Joker,2019,N/A,59,1.5M
551,Avengers: Endgame,2019,N/A,78,1.3M
552,Parasite,2019,N/A,97,949K
553,N/A,N/A,N/A,N/A,N/A
554,Once Upon a Time... in Hollywood,2019,N/A,84,841K
555,Knives Out,2019,N/A,82,770K
556,1917,2019,N/A,78,670K
557,N/A,N/A,N/A,N/A,N/A
558,Captain Marvel,2019,N/A,64,608K
559,N/A,N/A,N/A,N/A,N/A
560,N/A,N/A,N/A,N/A,N/A
561, Spider-Man: Far from Home,2019,N/A,69,553K
562, Star Wars: The Rise of Skywalker,2019,N/A,53,491K
563, Ford v Ferrari,2019,N/A,81,465K
564, Jojo Rabbit,2019,N/A,58,439K
565, The Irishman,2019,N/A,94,429K
566, John Wick: Chapter 3 - Parabellum,2019,N/A,73,423K
567, Midsommar,2019,N/A,72,399K
568, The Gentlemen,2019,N/A,51,391K
569, Shazam!,2019,N/A,71,383K
570,N/A,N/A,N/A,N/A,N/A
571, Marriage Story,2019,N/A,94,345K
572, Us,2019,N/A,81,339K
573, Uncut Gems,2019,N/A,93,316K
574, It Chapter Two,2019,N/A,58,300K
575, Alita: Battle Angel,2019,N/A,53,292K
576, El Camino: A Breaking Bad Movie,2019,N/A,72,290K
577, Aladdin,2019,N/A,53,289K
578, Jumanji: The Next Level,2019,N/A,58,281K
579, Toy Story 4,2019,N/A,84,279K
580,N/A,N/A,N/A,N/A,N/A
581, El hoyo,2019,N/A,73,270K
582, The Lion King,2019,N/A,55,266K
583, Glass,2019,N/A,43,266K
584,N/A,N/A,N/A,N/A,N/A
585, Ad Astra,2019,N/A,80,259K
586, The Lighthouse,2019,N/A,83,253K
587, Little Women,2019,N/A,91,243K
588,N/A,N/A,N/A,N/A,N/A
589, Fast & Furious Presents: Hobbs & Shaw,2019,N/A,60,235K
590,N/A,N/A,N/A,N/A,N/A
591, Doctor Sleep,2019,N/A,59,217K
592, Dark Phoenix,2019,N/A,43,204K
593, Godzilla: King of the Monsters,2019,N/A,48,204K
594, Zombieland: Double Tap,2019,N/A,55,201K
595,N/A,N/A,N/A,N/A,N/A
596, 6 Underground,2019,N/A,41,196K
597,N/A,N/A,N/A,N/A,N/A
598, Rocketman,2019,N/A,69,194K
599, Frozen II,2019,N/A,64,193K
600,Joker,2019,N/A,59,1.5M
601,Avengers: Endgame,2019,N/A,78,1.3M
602,Parasite,2019,N/A,97,949K
603,N/A,N/A,N/A,N/A,N/A
604,Once Upon a Time... in Hollywood,2019,N/A,84,841K
605,Knives Out,2019,N/A,82,770K
606,1917,2019,N/A,78,670K
607,N/A,N/A,N/A,N/A,N/A
608,Captain Marvel,2019,N/A,64,608K
609,N/A,N/A,N/A,N/A,N/A
610,N/A,N/A,N/A,N/A,N/A
611, Spider-Man: Far from Home,2019,N/A,69,553K
612, Star Wars: The Rise of Skywalker,2019,N/A,53,491K
613, Ford v Ferrari,2019,N/A,81,465K
614, Jojo Rabbit,2019,N/A,58,439K
615, The Irishman,2019,N/A,94,429K
616, John Wick: Chapter 3 - Parabellum,2019,N/A,73,423K
617, Midsommar,2019,N/A,72,399K
618, The Gentlemen,2019,N/A,51,391K
619, Shazam!,2019,N/A,71,383K
620,N/A,N/A,N/A,N/A,N/A
621, Marriage Story,2019,N/A,94,345K
622, Us,2019,N/A,81,339K
623, Uncut Gems,2019,N/A,93,316K
624, It Chapter Two,2019,N/A,58,300K
625, Alita: Battle Angel,2019,N/A,53,292K
626, El Camino: A Breaking Bad Movie,2019,N/A,72,290K
627, Aladdin,2019,N/A,53,289K
628, Jumanji: The Next Level,2019,N/A,58,281K
629, Toy Story 4,2019,N/A,84,279K
630,N/A,N/A,N/A,N/A,N/A
631, El hoyo,2019,N/A,73,270K
632, The Lion King,2019,N/A,55,266K
633, Glass,2019,N/A,43,266K
634,N/A,N/A,N/A,N/A,N/A
635, Ad Astra,2019,N/A,80,259K
636, The Lighthouse,2019,N/A,83,253K
637, Little Women,2019,N/A,91,243K
638,N/A,N/A,N/A,N/A,N/A
639, Fast & Furious Presents: Hobbs & Shaw,2019,N/A,60,235K
640,N/A,N/A,N/A,N/A,N/A
641, Doctor Sleep,2019,N/A,59,217K
642, Dark Phoenix,2019,N/A,43,204K
643, Godzilla: King of the Monsters,2019,N/A,48,204K
644, Zombieland: Double Tap,2019,N/A,55,201K
645,N/A,N/A,N/A,N/A,N/A
646, 6 Underground,2019,N/A,41,196K
647,N/A,N/A,N/A,N/A,N/A
648, Rocketman,2019,N/A,69,194K
649, Frozen II,2019,N/A,64,193K
650,Joker,2019,N/A,59,1.5M
651,Avengers: Endgame,2019,N/A,78,1.3M
652,Parasite,2019,N/A,97,949K
653,N/A,N/A,N/A,N/A,N/A
654,Once Upon a Time... in Hollywood,2019,N/A,84,841K
655,Knives Out,2019,N/A,82,770K
656,1917,2019,N/A,78,670K
657,N/A,N/A,N/A,N/A,N/A
658,Captain Marvel,2019,N/A,64,608K
659,N/A,N/A,N/A,N/A,N/A
660,N/A,N/A,N/A,N/A,N/A
661, Spider-Man: Far from Home,2019,N/A,69,553K
662, Star Wars: The Rise of Skywalker,2019,N/A,53,491K
663, Ford v Ferrari,2019,N/A,81,465K
664, Jojo Rabbit,2019,N/A,58,439K
665, The Irishman,2019,N/A,94,429K
666, John Wick: Chapter 3 - Parabellum,2019,N/A,73,423K
667, Midsommar,2019,N/A,72,399K
668, The Gentlemen,2019,N/A,51,391K
669, Shazam!,2019,N/A,71,383K
670,N/A,N/A,N/A,N/A,N/A
671, Marriage Story,2019,N/A,94,345K
672, Us,2019,N/A,81,339K
673, Uncut Gems,2019,N/A,93,316K
674, It Chapter Two,2019,N/A,58,300K
675, Alita: Battle Angel,2019,N/A,53,292K
676, El Camino: A Breaking Bad Movie,2019,N/A,72,290K
677, Aladdin,2019,N/A,53,289K
678, Jumanji: The Next Level,2019,N/A,58,281K
679, Toy Story 4,2019,N/A,84,279K
680,N/A,N/A,N/A,N/A,N/A
681, El hoyo,2019,N/A,73,270K
682, The Lion King,2019,N/A,55,266K
683, Glass,2019,N/A,43,266K
684,N/A,N/A,N/A,N/A,N/A
685, Ad Astra,2019,N/A,80,259K
686, The Lighthouse,2019,N/A,83,253K
687, Little Women,2019,N/A,91,243K
688,N/A,N/A,N/A,N/A,N/A
689, Fast & Furious Presents: Hobbs & Shaw,2019,N/A,60,235K
690,N/A,N/A,N/A,N/A,N/A
691, Doctor Sleep,2019,N/A,59,217K
692, Dark Phoenix,2019,N/A,43,204K
693, Godzilla: King of the Monsters,2019,N/A,48,204K
694, Zombieland: Double Tap,2019,N/A,55,201K
695,N/A,N/A,N/A,N/A,N/A
696, 6 Underground,2019,N/A,41,196K
697,N/A,N/A,N/A,N/A,N/A
698, Rocketman,2019,N/A,69,194K
699, Frozen II,2019,N/A,64,193K
700,Tenet,2020,N/A,69,588K
701,N/A,N/A,N/A,N/A,N/A
702,Soul,2020,N/A,83,377K
703,N/A,N/A,N/A,N/A,N/A
704,Wonder Woman 1984,2020,N/A,60,291K
705,A Quiet Place Part II,2020,N/A,71,271K
706,Birds of Prey,2020,N/A,60,264K
707,Extraction,2020,N/A,56,261K
708,The Invisible Man,2020,N/A,72,254K
709, Enola Holmes,2020,N/A,68,218K
710, Promising Young Woman,2020,N/A,72,210K
711, Druk,2020,N/A,79,193K
712, The Trial of the Chicago 7,2020,N/A,76,193K
713, The Father,2020,N/A,88,191K
714, The Old Guard,2020,N/A,70,183K
715, Nomadland,2020,N/A,88,182K
716, Palm Springs,2020,N/A,83,181K
717, Bad Boys for Life,2020,N/A,59,174K
718, Onward,2020,N/A,61,169K
719,N/A,N/A,N/A,N/A,N/A
720, Mulan,2020,N/A,66,159K
721, Sonic the Hedgehog,2020,N/A,47,158K
722,N/A,N/A,N/A,N/A,N/A
723, Borat Subsequent Moviefilm: Delivery of Prodigious Bribe to American Regime for Make Benefit Once Glorious Nation of Kazakhstan,2020,N/A,68,153K
724, The Devil All the Time,2020,N/A,55,152K
725,N/A,N/A,N/A,N/A,N/A
726, I Care a Lot,2020,N/A,66,145K
727, Love and Monsters,2020,N/A,63,145K
728,N/A,N/A,N/A,N/A,N/A
729, Greenland,2020,N/A,64,133K
730, The Hunt,2020,N/A,50,128K
731,N/A,N/A,N/A,N/A,N/A
732,N/A,N/A,N/A,N/A,N/A
733,N/A,N/A,N/A,N/A,N/A
734, Greyhound,2020,N/A,64,114K
735, Hamilton,2020,N/A,88,112K
736,N/A,N/A,N/A,N/A,N/A
737,N/A,N/A,N/A,N/A,N/A
738, Eurovision Song Contest: The Story of Fire Saga,2020,N/A,50,102K
739, I'm Thinking of Ending Things,2020,N/A,78,99K
740,N/A,N/A,N/A,N/A,N/A
741, Project Power,2020,N/A,51,97K
742, Spenser Confidential,2020,N/A,49,97K
743,N/A,N/A,N/A,N/A,N/A
744,N/A,N/A,N/A,N/A,N/A
745, Underwater,2020,N/A,48,97K
746,N/A,N/A,N/A,N/A,N/A
747, Minari,2020,N/A,89,96K
748,N/A,N/A,N/A,N/A,N/A
749, News of the World,2020,N/A,73,95K
750,Tenet,2020,N/A,69,588K
751,N/A,N/A,N/A,N/A,N/A
752,Soul,2020,N/A,83,377K
753,N/A,N/A,N/A,N/A,N/A
754,Wonder Woman 1984,2020,N/A,60,291K
755,A Quiet Place Part II,2020,N/A,71,271K
756,Birds of Prey,2020,N/A,60,264K
757,Extraction,2020,N/A,56,261K
758,The Invisible Man,2020,N/A,72,254K
759, Enola Holmes,2020,N/A,68,218K
760, Promising Young Woman,2020,N/A,72,210K
761, Druk,2020,N/A,79,193K
762, The Trial of the Chicago 7,2020,N/A,76,193K
763, The Father,2020,N/A,88,191K
764, The Old Guard,2020,N/A,70,183K
765, Nomadland,2020,N/A,88,182K
766, Palm Springs,2020,N/A,83,181K
767, Bad Boys for Life,2020,N/A,59,174K
768, Onward,2020,N/A,61,169K
769,N/A,N/A,N/A,N/A,N/A
770, Mulan,2020,N/A,66,159K
771, Sonic the Hedgehog,2020,N/A,47,158K
772,N/A,N/A,N/A,N/A,N/A
773, Borat Subsequent Moviefilm: Delivery of Prodigious Bribe to American Regime for Make Benefit Once Glorious Nation of Kazakhstan,2020,N/A,68,153K
774, The Devil All the Time,2020,N/A,55,152K
775,N/A,N/A,N/A,N/A,N/A
776, I Care a Lot,2020,N/A,66,145K
777, Love and Monsters,2020,N/A,63,145K
778,N/A,N/A,N/A,N/A,N/A
779, Greenland,2020,N/A,64,133K
780, The Hunt,2020,N/A,50,128K
781,N/A,N/A,N/A,N/A,N/A
782,N/A,N/A,N/A,N/A,N/A
783,N/A,N/A,N/A,N/A,N/A
784, Greyhound,2020,N/A,64,114K
785, Hamilton,2020,N/A,88,112K
786,N/A,N/A,N/A,N/A,N/A
787,N/A,N/A,N/A,N/A,N/A
788, Eurovision Song Contest: The Story of Fire Saga,2020,N/A,50,102K
789, I'm Thinking of Ending Things,2020,N/A,78,99K
790,N/A,N/A,N/A,N/A,N/A
791, Project Power,2020,N/A,51,97K
792, Spenser Confidential,2020,N/A,49,97K
793,N/A,N/A,N/A,N/A,N/A
794,N/A,N/A,N/A,N/A,N/A
795, Underwater,2020,N/A,48,97K
796,N/A,N/A,N/A,N/A,N/A
797, Minari,2020,N/A,89,96K
798,N/A,N/A,N/A,N/A,N/A
799, News of the World,2020,N/A,73,95K
800,Tenet,2020,N/A,69,588K
801,N/A,N/A,N/A,N/A,N/A
802,Soul,2020,N/A,83,377K
803,N/A,N/A,N/A,N/A,N/A
804,Wonder Woman 1984,2020,N/A,60,291K
805,A Quiet Place Part II,2020,N/A,71,271K
806,Birds of Prey,2020,N/A,60,264K
807,Extraction,2020,N/A,56,261K
808,The Invisible Man,2020,N/A,72,254K
809, Enola Holmes,2020,N/A,68,218K
810, Promising Young Woman,2020,N/A,72,210K
811, Druk,2020,N/A,79,193K
812, The Trial of the Chicago 7,2020,N/A,76,193K
813, The Father,2020,N/A,88,191K
814, The Old Guard,2020,N/A,70,183K
815, Nomadland,2020,N/A,88,182K
816, Palm Springs,2020,N/A,83,181K
817, Bad Boys for Life,2020,N/A,59,174K
818, Onward,2020,N/A,61,169K
819,N/A,N/A,N/A,N/A,N/A
820, Mulan,2020,N/A,66,159K
821, Sonic the Hedgehog,2020,N/A,47,158K
822,N/A,N/A,N/A,N/A,N/A
823, Borat Subsequent Moviefilm: Delivery of Prodigious Bribe to American Regime for Make Benefit Once Glorious Nation of Kazakhstan,2020,N/A,68,153K
824, The Devil All the Time,2020,N/A,55,152K
825,N/A,N/A,N/A,N/A,N/A
826, I Care a Lot,2020,N/A,66,145K
827, Love and Monsters,2020,N/A,63,145K
828,N/A,N/A,N/A,N/A,N/A
829, Greenland,2020,N/A,64,133K
830, The Hunt,2020,N/A,50,128K
831,N/A,N/A,N/A,N/A,N/A
832,N/A,N/A,N/A,N/A,N/A
833,N/A,N/A,N/A,N/A,N/A
834, Greyhound,2020,N/A,64,114K
835, Hamilton,2020,N/A,88,112K
836,N/A,N/A,N/A,N/A,N/A
837,N/A,N/A,N/A,N/A,N/A
838, Eurovision Song Contest: The Story of Fire Saga,2020,N/A,50,102K
839, I'm Thinking of Ending Things,2020,N/A,78,99K
840,N/A,N/A,N/A,N/A,N/A
841, Project Power,2020,N/A,51,97K
842, Spenser Confidential,2020,N/A,49,97K
843,N/A,N/A,N/A,N/A,N/A
844,N/A,N/A,N/A,N/A,N/A
845, Underwater,2020,N/A,48,97K
846,N/A,N/A,N/A,N/A,N/A
847, Minari,2020,N/A,89,96K
848,N/A,N/A,N/A,N/A,N/A
849, News of the World,2020,N/A,73,95K
850,Tenet,2020,N/A,69,588K
851,N/A,N/A,N/A,N/A,N/A
852,Soul,2020,N/A,83,377K
853,N/A,N/A,N/A,N/A,N/A
854,Wonder Woman 1984,2020,N/A,60,291K
855,A Quiet Place Part II,2020,N/A,71,271K
856,Birds of Prey,2020,N/A,60,264K
857,Extraction,2020,N/A,56,261K
858,The Invisible Man,2020,N/A,72,254K
859, Enola Holmes,2020,N/A,68,218K
860, Promising Young Woman,2020,N/A,72,210K
861, Druk,2020,N/A,79,193K
862, The Trial of the Chicago 7,2020,N/A,76,193K
863, The Father,2020,N/A,88,191K
864, The Old Guard,2020,N/A,70,183K
865, Nomadland,2020,N/A,88,182K
866, Palm Springs,2020,N/A,83,181K
867, Bad Boys for Life,2020,N/A,59,174K
868, Onward,2020,N/A,61,169K
869,N/A,N/A,N/A,N/A,N/A
870, Mulan,2020,N/A,66,159K
871, Sonic the Hedgehog,2020,N/A,47,158K
872,N/A,N/A,N/A,N/A,N/A
873, Borat Subsequent Moviefilm: Delivery of Prodigious Bribe to American Regime for Make Benefit Once Glorious Nation of Kazakhstan,2020,N/A,68,153K
874, The Devil All the Time,2020,N/A,55,152K
875,N/A,N/A,N/A,N/A,N/A
876, I Care a Lot,2020,N/A,66,145K
877, Love and Monsters,2020,N/A,63,145K
878,N/A,N/A,N/A,N/A,N/A
879, Greenland,2020,N/A,64,133K
880, The Hunt,2020,N/A,50,128K
881,N/A,N/A,N/A,N/A,N/A
882,N/A,N/A,N/A,N/A,N/A
883,N/A,N/A,N/A,N/A,N/A
884, Greyhound,2020,N/A,64,114K
885, Hamilton,2020,N/A,88,112K
886,N/A,N/A,N/A,N/A,N/A
887,N/A,N/A,N/A,N/A,N/A
888, Eurovision Song Contest: The Story of Fire Saga,2020,N/A,50,102K
889, I'm Thinking of Ending Things,2020,N/A,78,99K
890,N/A,N/A,N/A,N/A,N/A
891, Project Power,2020,N/A,51,97K
892, Spenser Confidential,2020,N/A,49,97K
893,N/A,N/A,N/A,N/A,N/A
894,N/A,N/A,N/A,N/A,N/A
895, Underwater,2020,N/A,48,97K
896,N/A,N/A,N/A,N/A,N/A
897, Minari,2020,N/A,89,96K
898,N/A,N/A,N/A,N/A,N/A
899, News of the World,2020,N/A,73,95K
900,Tenet,2020,N/A,69,588K
901,N/A,N/A,N/A,N/A,N/A
902,Soul,2020,N/A,83,377K
903,N/A,N/A,N/A,N/A,N/A
904,Wonder Woman 1984,2020,N/A,60,291K
905,A Quiet Place Part II,2020,N/A,71,271K
906,Birds of Prey,2020,N/A,60,264K
907,Extraction,2020,N/A,56,261K
908,The Invisible Man,2020,N/A,72,254K
909, Enola Holmes,2020,N/A,68,218K
910, Promising Young Woman,2020,N/A,72,210K
911, Druk,2020,N/A,79,193K
912, The Trial of the Chicago 7,2020,N/A,76,193K
913, The Father,2020,N/A,88,191K
914, The Old Guard,2020,N/A,70,183K
915, Nomadland,2020,N/A,88,182K
916, Palm Springs,2020,N/A,83,181K
917, Bad Boys for Life,2020,N/A,59,174K
918, Onward,2020,N/A,61,169K
919,N/A,N/A,N/A,N/A,N/A
920, Mulan,2020,N/A,66,159K
921, Sonic the Hedgehog,2020,N/A,47,158K
922,N/A,N/A,N/A,N/A,N/A
923, Borat Subsequent Moviefilm: Delivery of Prodigious Bribe to American Regime for Make Benefit Once Glorious Nation of Kazakhstan,2020,N/A,68,153K
924, The Devil All the Time,2020,N/A,55,152K
925,N/A,N/A,N/A,N/A,N/A
926, I Care a Lot,2020,N/A,66,145K
927, Love and Monsters,2020,N/A,63,145K
928,N/A,N/A,N/A,N/A,N/A
929, Greenland,2020,N/A,64,133K
930, The Hunt,2020,N/A,50,128K
931,N/A,N/A,N/A,N/A,N/A
932,N/A,N/A,N/A,N/A,N/A
933,N/A,N/A,N/A,N/A,N/A
934, Greyhound,2020,N/A,64,114K
935, Hamilton,2020,N/A,88,112K
936,N/A,N/A,N/A,N/A,N/A
937,N/A,N/A,N/A,N/A,N/A
938, Eurovision Song Contest: The Story of Fire Saga,2020,N/A,50,102K
939, I'm Thinking of Ending Things,2020,N/A,78,99K
940,N/A,N/A,N/A,N/A,N/A
941, Project Power,2020,N/A,51,97K
942, Spenser Confidential,2020,N/A,49,97K
943,N/A,N/A,N/A,N/A,N/A
944,N/A,N/A,N/A,N/A,N/A
945, Underwater,2020,N/A,48,97K
946,N/A,N/A,N/A,N/A,N/A
947, Minari,2020,N/A,89,96K
948,N/A,N/A,N/A,N/A,N/A
949, News of the World,2020,N/A,73,95K
